Date,DayOfMonth,Temp_Max,Temp_Avg,Temp_Min,DewPt_Max,DewPt_Avg,DewPt_Min,Humid_Max,Humid_Avg,Humid_Min,Wind_Max,Wind_Avg,Wind_Min,Pressure_Max,Pressure_Avg,Pressure_Min,Precip,RandVal,DayOfWeek,Weekend,,,,,,,,,,,,,,,,,,,,
8/1/2022,1,95,82.7,74,76,73.5,70,97,75.6,46,15,6.3,0,30.2,30.1,30,0,0.403038698,Mon,0,,,,,,,,,,,,,,,,,,,,
8/2/2022,2,95,84.2,74,76,73.4,70,97,72.5,44,10,6,0,30.1,30,29.9,0,0.97050565,Tue,0,,,,,,,,,,,,,,,,,,,,
8/3/2022,3,92,79.3,73,77,73.7,70,97,83.8,59,25,5.1,0,30,30,29.9,0.14,0.479957464,Wed,0,,,,,,,,,,,,,,,,,,,,
8/4/2022,4,91,80.9,71,75,72.8,70,100,78.3,52,15,6.9,0,30.1,30.1,30,1.03,0.610280902,Thu,0,,,,,,,,,,,,,,,,,,,,
8/5/2022,5,90,81.3,73,77,74.5,72,100,81.2,57,14,5.2,0,30.1,30.1,30.1,0,0.424587355,Fri,0,,,,,,,,,,,,,,,,,,,,
8/6/2022,6,91,82.8,75,77,75.3,73,100,79.3,57,15,7,0,30.2,30.1,30.1,0,0.906687224,Sat,1,,,,,,,,,,,,,,,,,,,,
8/7/2022,7,90,81.6,74,77,73.7,71,97,78.1,59,14,5.5,0,30.2,30.1,30.1,0,0.390571797,Sun,1,,,,,,,,,,,,,,,,,,,,
8/8/2022,8,89,80,72,74,72.3,70,97,78.6,57,12,3.9,0,30.1,30.1,30,0,0.903979494,Mon,0,,,,,,,,,,,,,,,,,,,,
8/9/2022,9,90,80.4,72,77,73.6,71,97,80.9,57,22,5.8,0,30.1,30.1,30.1,0,0.388906818,Tue,0,,,,,,,,,,,,,,,,,,,,
8/10/2022,10,91,82.8,74,78,75.1,73,100,78.5,59,10,5.1,0,30.2,30.1,30.1,0.26,0.470321561,Wed,0,,,,,,,,,,,,,,,,,,,,
8/11/2022,11,89,77.8,72,76,72.3,68,94,84,63,29,5.1,0,30.1,30.1,30,0,0.085509935,Thu,0,,,,,,,,,,,,,,,,,,,,
8/12/2022,12,90,79.6,74,74,71.8,69,94,78.8,50,15,4.8,0,30.1,30,29.9,0.37,0.556675048,Fri,0,,,,,,,,,,,,,,,,,,,,
8/13/2022,13,83,77.2,73,76,73.7,72,100,89.3,76,17,6.3,0,30,30,30,0.07,0.355151474,Sat,1,,,,,,,,,,,,,,,,,,,,
8/14/2022,14,86,76.7,68,72,67.8,65,100,76.5,53,14,5.1,0,30,30,29.9,0.38,0.262353533,Sun,1,,,,,,,,,,,,,,,,,,,,
8/15/2022,15,90,77.5,65,69,65,61,97,69.5,39,9,2.7,0,29.9,29.9,29.8,0,0.124856266,Mon,0,,,,,,,,,,,,,,,,,,,,
8/16/2022,16,93,80.9,72,76,72,69,94,76,52,15,7.6,0,29.9,29.8,29.8,0,0.12151784,Tue,0,,,,,,,,,,,,,,,,,,,,
8/17/2022,17,91,77.8,72,78,73,70,97,86,53,23,6.7,0,29.9,29.9,29.8,0,0.889023352,Wed,0,,,,,,,,,,,,,,,,,,,,
8/18/2022,18,90,75.2,70,75,72.3,69,100,91.9,61,16,4.3,0,29.9,29.9,29.9,0.95,0.629311386,Thu,0,,,,,,,,,,,,,,,,,,,,
8/19/2022,19,90,78.8,71,77,73.7,70,100,85,61,12,3.9,0,30.1,30,29.9,1.3,0.350460849,Fri,0,,,,,,,,,,,,,,,,,,,,
8/20/2022,20,94,82.3,72,77,74.4,71,97,78.2,54,13,4.7,0,30.1,30.1,30,0.04,0.719422061,Sat,1,,,,,,,,,,,,,,,,,,,,
8/21/2022,21,92,81.7,74,77,74.4,71,100,80,54,17,5.5,0,30.1,30,30,0,0.568654394,Sun,1,,,,,,,,,,,,,,,,,,,,
8/22/2022,22,91,77.8,73,76,73.8,72,100,88.4,61,15,5.5,0,30,30,29.9,0.07,0.131367217,Mon,0,,,,,,,,,,,,,,,,,,,,
8/23/2022,23,89,79.8,73,75,73,70,97,80.9,59,12,4,0,29.9,29.9,29.9,0.86,0.504656761,Tue,0,,,,,,,,,,,,,,,,,,,,
8/24/2022,24,89,80,72,77,73.9,71,97,82.6,59,12,3.9,0,30,30,29.9,0,0.239429321,Wed,0,,,,,,,,,,,,,,,,,,,,
8/25/2022,25,87,78.9,74,78,75.3,71,100,89.3,69,17,4.7,0,30.1,30,29.9,0,0.9022294,Thu,0,,,,,,,,,,,,,,,,,,,,
8/26/2022,26,89,76.2,73,77,73.4,0,100,89.4,0,23,5.2,0,30,29.3,0,0.02,0.150897208,Fri,0,,,,,,,,,,,,,,,,,,,,
8/27/2022,27,87,78.3,73,78,75.3,73,100,90.9,72,12,4.2,0,30,29.9,29.9,1.47,0.359417622,Sat,1,,,,,,,,,,,,,,,,,,,,
8/28/2022,28,88,80.1,74,76,74.7,73,100,84.1,65,14,5.1,0,30,29.9,29.9,0.86,0.348202827,Sun,1,,,,,,,,,,,,,,,,,,,,
8/29/2022,29,84,79.1,75,76,75.1,74,97,87.9,72,9,5.2,0,30,29.9,29.9,0,0.676048951,Mon,0,,,,,,,,,,,,,,,,,,,,
8/30/2022,30,91,80.6,75,77,75.3,73,100,84.9,55,12,4.8,0,30,29.9,29.9,0,0.61863432,Tue,0,,,,,,,,,,,,,,,,,,,,
8/31/2022,31,89,77.3,72,78,74.1,70,100,90.4,61,12,5.1,0,30,29.9,29.9,0.28,0.004600018,Wed,0,,,,,,,,,,,,,,,,,,,,
9/1/2022,1,89,77.8,73,77,74.2,72,100,89.4,61,15,3.7,0,30,29.9,29.9,0.72,0.746911621,Thu,0,,,,,,,,,,,,,,,,,,,,
9/2/2022,2,88,77.7,71,77,73,71,100,86.6,63,14,5,0,30.1,30,29.9,0.37,0.133095702,Fri,0,,,,,,,,,,,,,,,,,,,,
9/3/2022,3,86,78.7,73,77,74.4,72,97,87,72,14,6.8,0,30.1,30.1,30,0.01,0.426986447,Sat,1,,,,,,,,,,,,,,,,,,,,
9/4/2022,4,89,79,72,78,74.2,71,100,86.1,65,16,6,0,30,30,29.9,0,0.927943432,Sun,1,,,,,,,,,,,,,,,,,,,,
9/5/2022,5,93,80.8,72,77,74.6,72,100,82.7,50,12,3.7,0,30,30,29.9,0.23,0.48355596,Mon,0,,,,,,,,,,,,,,,,,,,,
9/6/2022,6,94,82.2,75,78,74.1,71,97,78.6,49,18,4.6,0,30,30,29.9,0,0.231324582,Tue,0,,,,,,,,,,,,,,,,,,,,
9/7/2022,7,92,82,75,76,73.7,71,97,77.8,52,8,3.8,0,30,29.9,29.8,0.77,0.076414764,Wed,0,,,,,,,,,,,,,,,,,,,,
9/8/2022,8,84,77.5,73,76,73.1,71,97,86.8,67,16,4.6,0,29.8,29.8,29.7,0,0.824136939,Thu,0,,,,,,,,,,,,,,,,,,,,
9/9/2022,9,86,75.3,72,75,73.2,72,100,93.5,65,15,3.3,0,29.9,29.8,29.7,1.24,0.633214443,Fri,0,,,,,,,,,,,,,,,,,,,,
9/10/2022,10,87,75.9,72,76,73,70,100,91.4,65,21,4.5,0,30,30,29.9,0.19,0.409368481,Sat,1,,,,,,,,,,,,,,,,,,,,
9/11/2022,11,90,76.8,71,76,72.7,71,100,88.7,57,13,2.2,0,30.1,30,29.9,1.62,0.30931255,Sun,1,,,,,,,,,,,,,,,,,,,,
9/12/2022,12,89,79,74,76,74.1,73,100,85.7,59,13,5.1,0,30,29.9,29.8,0,0.383802093,Mon,0,,,,,,,,,,,,,,,,,,,,
9/13/2022,13,83,77,72,75,73.3,72,100,89.2,72,9,2.7,0,29.9,29.9,29.8,0,0.657665093,Tue,0,,,,,,,,,,,,,,,,,,,,
9/14/2022,14,86,77.6,70,74,68.5,64,100,75.9,51,12,5.1,0,30,29.9,29.9,0,0.713271375,Wed,0,,,,,,,,,,,,,,,,,,,,
9/15/2022,15,85,76.3,70,70,67.8,65,97,76.6,56,15,8.3,0,30.1,30,30,0,0.833421059,Thu,0,,,,,,,,,,,,,,,,,,,,
9/16/2022,16,85,76.9,70,71,69.2,68,93,78.1,63,18,8.4,3,30.1,30.1,30,0,0.189669831,Fri,0,,,,,,,,,,,,,,,,,,,,
9/17/2022,17,82,75.7,71,73,70.5,66,97,84.4,60,14,6.8,0,30.1,30,30,0,0.049193356,Sat,1,,,,,,,,,,,,,,,,,,,,
9/18/2022,18,83,74.7,71,75,72.6,69,100,93.3,69,17,8.1,0,30,29.9,29.9,0.12,0.009427832,Sun,1,,,,,,,,,,,,,,,,,,,,
9/19/2022,19,99,80.2,71,74,72.8,70,100,80.3,43,14,5.3,0,29.9,29.9,29.9,0.11,0.59566974,Mon,0,,,,,,,,,,,,,,,,,,,,
9/20/2022,20,87,78,71,74,71.6,67,100,82.6,55,13,5.8,0,30,29.9,29.9,0,0.889956615,Tue,0,,,,,,,,,,,,,,,,,,,,
9/21/2022,21,88,77.6,69,73,69.8,66,100,79.3,51,16,5.9,0,29.9,29.9,29.9,0,0.600008599,Wed,0,,,,,,,,,,,,,,,,,,,,
9/22/2022,22,93,77.9,69,75,70.3,66,100,80.7,41,7,3,0,29.9,29.8,29.8,0,0.018998242,Thu,0,,,,,,,,,,,,,,,,,,,,
9/23/2022,23,81,76.3,68,70,65.5,63,87,70,56,21,11,0,30,29.9,29.8,0,0.856558556,Fri,0,,,,,,,,,,,,,,,,,,,,
9/24/2022,24,85,73.8,63,66,63.5,61,93,72.3,48,15,5.8,0,30,30,30,0,0.512972237,Sat,1,,,,,,,,,,,,,,,,,,,,
9/25/2022,25,88,75.1,64,66,64.5,62,93,72.1,44,12,3.2,0,30,29.9,29.8,0,0.616893576,Sun,1,,,,,,,,,,,,,,,,,,,,
9/26/2022,26,92,78.5,66,71,67.5,65,96,71.6,42,12,3.8,0,29.9,29.9,29.8,0,0.077998627,Mon,0,,,,,,,,,,,,,,,,,,,,
9/27/2022,27,84,75.2,70,70,61.4,55,91,64.3,38,10,6.2,0,29.9,29.9,29.9,0,0.373305954,Tue,0,,,,,,,,,,,,,,,,,,,,
9/28/2022,28,75,69,62,68,61.9,57,90,78.5,68,23,15.2,7,29.9,29.9,29.9,0,0.741460033,Wed,0,,,,,,,,,,,,,,,,,,,,
9/29/2022,29,70,65.1,60,64,59.6,54,94,82.6,70,31,22.7,14,29.8,29.8,29.7,0.47,0.302133282,Thu,0,,,,,,,,,,,,,,,,,,,,
9/30/2022,30,74,67.7,62,60,57.2,55,93,69.6,57,18,11.6,0,29.8,29.7,29.7,0.2,0.502124814,Fri,0,,,,,,,,,,,,,,,,,,,,
10/1/2022,1,85,70.8,59,63,59.3,57,96,70.9,38,16,5.5,0,29.9,29.8,29.8,0,0.416436031,Sat,1,,,,,,,,,,,,,,,,,,,,
10/2/2022,2,83,69.9,59,64,59.3,57,97,72.3,41,13,7.1,3,29.9,29.9,29.8,0,0.339046432,Sun,1,,,,,,,,,,,,,,,,,,,,
10/3/2022,3,72,65.6,60,62,58,55,93,77,61,14,8.5,3,30,30,29.9,0,0.861577284,Mon,0,,,,,,,,,,,,,,,,,,,,
10/4/2022,4,74,64.2,55,57,53.8,49,93,71.2,42,17,8.3,0,30.1,30,30,0,0.026868205,Tue,0,,,,,,,,,,,,,,,,,,,,
10/5/2022,5,81,65.2,49,56,52.5,47,97,68.4,36,9,4,0,30,30,29.9,0,0.955304881,Wed,0,,,,,,,,,,,,,,,,,,,,
10/6/2022,6,84,69,55,59,55,51,96,66.1,32,9,3.8,0,30.1,30,30,0,0.021077051,Thu,0,,,,,,,,,,,,,,,,,,,,
10/7/2022,7,87,69.4,56,61,55.7,49,96,67.6,28,8,1.7,0,30.1,30.1,30,0,0.684110618,Fri,0,,,,,,,,,,,,,,,,,,,,
10/8/2022,8,88,71,57,61,56.5,52,97,66.5,29,12,2.4,0,30.1,30.1,30,0,0.442533256,Sat,1,,,,,,,,,,,,,,,,,,,,
10/9/2022,9,85,71.4,60,68,62.9,58,97,76.7,46,12,3.2,0,30.1,30.1,30.1,0,0.928275344,Sun,1,,,,,,,,,,,,,,,,,,,,
10/10/2022,10,81,69.3,64,69,65.8,63,100,90,60,16,3.6,0,30.1,30.1,30.1,0,0.596636258,Mon,0,,,,,,,,,,,,,,,,,,,,
10/11/2022,11,86,73.7,66,72,69.4,65,100,87.4,59,17,7.1,0,30.2,30.1,30.1,0,0.650771182,Tue,0,,,,,,,,,,,,,,,,,,,,
10/12/2022,12,82,76.3,73,74,72.6,71,97,88.4,71,13,5.3,0,30.1,30,29.9,0.08,0.150679607,Wed,0,,,,,,,,,,,,,,,,,,,,
10/13/2022,13,88,74.2,65,73,67.7,62,97,81.9,49,17,8.3,0,29.9,29.8,29.7,1.38,0.26858977,Thu,0,,,,,,,,,,,,,,,,,,,,
10/14/2022,14,83,69.2,60,62,57.8,51,93,71.3,33,9,3.1,0,30,29.9,29.9,0,0.707005476,Fri,0,,,,,,,,,,,,,,,,,,,,
10/15/2022,15,82,68,58,64,56.8,51,97,71.8,36,12,3.7,0,30.1,30.1,30,0,0.283718764,Sat,1,,,,,,,,,,,,,,,,,,,,
10/16/2022,16,86,69.5,56,66,59.5,54,93,74.1,34,9,2.1,0,30.1,30,29.9,0,0.131869602,Sun,1,,,,,,,,,,,,,,,,,,,,
10/17/2022,17,84,73.1,63,71,67.1,62,97,82.5,62,14,4.7,0,29.9,29.8,29.7,0,0.281917031,Mon,0,,,,,,,,,,,,,,,,,,,,
10/18/2022,18,73,65.4,52,67,47.1,30,93,55.7,27,15,9.3,3,29.9,29.8,29.7,0.01,0.84272174,Tue,0,,,,,,,,,,,,,,,,,,,,
10/19/2022,19,64,51.5,43,42,34.8,31,89,55.9,30,13,6.8,0,30.1,30,30,0,0.214276604,Wed,0,,,,,,,,,,,,,,,,,,,,
10/20/2022,20,71,54.2,39,47,41,36,93,66.5,30,8,1.7,0,30.1,30.1,30,0,0.889527648,Thu,0,,,,,,,,,,,,,,,,,,,,
10/21/2022,21,72,55.8,43,45,39.3,33,93,59.8,25,9,2.8,0,30.1,30.1,30,0,0.895450477,Fri,0,,,,,,,,,,,,,,,,,,,,
10/22/2022,22,75,59.1,47,52,46.3,42,92,66.3,34,13,5.2,0,30.1,30.1,30,0,0.740554941,Sat,1,,,,,,,,,,,,,,,,,,,,
10/23/2022,23,79,63.4,50,63,55.6,48,96,77.4,54,14,4.2,0,30.1,30.1,30.1,0,0.990411186,Sun,1,,,,,,,,,,,,,,,,,,,,
10/24/2022,24,77,63.6,51,60,55.4,50,100,77.4,50,12,3.5,0,30.1,30.1,30,0,0.806300712,Mon,0,,,,,,,,,,,,,,,,,,,,
10/25/2022,25,82,64.8,49,63,55.4,47,97,75.5,39,9,1.6,0,30,30,29.9,0,0.022472724,Tue,0,,,,,,,,,,,,,,,,,,,,
10/26/2022,26,85,72.3,61,71,64.7,59,97,78.2,60,13,6,0,29.9,29.8,29.8,0,0.047501254,Wed,0,,,,,,,,,,,,,,,,,,,,
10/27/2022,27,80,68.3,57,66,61,53,90,78.5,56,15,6.4,0,30.1,30,29.9,0,0.434993905,Thu,0,,,,,,,,,,,,,,,,,,,,
10/28/2022,28,74,70.6,68,67,65.4,64,90,83.8,76,15,10.4,8,30.2,30.1,30.1,0,0.390312817,Fri,0,,,,,,,,,,,,,,,,,,,,
10/29/2022,29,69,66.8,65,65,64.4,64,97,92.2,87,15,10.6,7,30.2,30.1,30.1,0,0.143598264,Sat,1,,,,,,,,,,,,,,,,,,,,
10/30/2022,30,78,69.5,65,70,66.7,63,97,91.4,74,10,6.6,0,30.1,30,30,0.13,0.93374804,Sun,1,,,,,,,,,,,,,,,,,,,,
10/31/2022,31,85,72.7,65,70,67.9,64,100,86.6,53,9,3.4,0,30,30,29.9,0,0.416112402,Mon,0,,,,,,,,,,,,,,,,,,,,
11/1/2022,1,86,73.2,65,69,65.5,63,97,79,49,8,4.2,0,30.1,30.1,30,0,0.67415443,Tue,0,,,,,,,,,,,,,,,,,,,,
11/2/2022,2,82,70,60,68,64,58,97,82.9,58,10,4,0,30.2,30.1,30.1,0,0.823957785,Wed,0,,,,,,,,,,,,,,,,,,,,
11/3/2022,3,79,68.2,61,65,62.5,57,100,84,52,17,6.5,0,30.2,30.1,30.1,0,0.348662784,Thu,0,,,,,,,,,,,,,,,,,,,,
11/4/2022,4,80,69.3,59,68,64.3,58,100,84.7,64,20,8.7,3,30.1,30.1,30.1,0,0.240890979,Fri,0,,,,,,,,,,,,,,,,,,,,
11/5/2022,5,84,73.5,66,71,68.3,65,100,84.9,60,20,7,0,30,30,30,0,0.864674731,Sat,1,,,,,,,,,,,,,,,,,,,,
11/6/2022,6,84,74.2,68,72,69.4,66,97,85.4,63,15,6.4,0,30.1,30,30,0.04,0.411087875,Sun,1,,,,,,,,,,,,,,,,,,,,
11/7/2022,7,84,72.5,64,70,65.1,60,97,79.2,51,20,8.8,0,30.2,30.1,30.1,0,0.010308492,Mon,0,,,,,,,,,,,,,,,,,,,,
11/8/2022,8,80,71,64,64,58.7,53,93,67,46,29,16.2,3,30.2,30.1,30.1,0,0.98258669,Tue,0,,,,,,,,,,,,,,,,,,,,
11/9/2022,9,69,64.5,60,63,57.1,50,93,77.1,65,25,19.9,14,30.2,30.1,29.9,0,0.734927927,Wed,0,,,,,,,,,,,,,,,,,,,,
11/10/2022,10,78,72,65,73,68.6,63,100,89.3,76,37,23.9,16,29.9,29.6,29.5,0.9,0.384460187,Thu,0,,,,,,,,,,,,,,,,,,,,
11/11/2022,11,78,74.3,68,69,67.9,66,93,80.8,68,22,13.2,6,29.9,29.8,29.6,1.27,0.206561339,Fri,0,,,,,,,,,,,,,,,,,,,,
11/12/2022,12,81,69.8,64,67,64,60,100,83.5,49,14,6.8,0,29.9,29.9,29.9,0,0.119625726,Sat,1,,,,,,,,,,,,,,,,,,,,
11/13/2022,13,67,60.8,48,65,52.2,41,93,74.8,48,13,7.7,5,30.1,30,29.9,0,0.322611249,Sun,1,,,,,,,,,,,,,,,,,,,,
11/14/2022,14,67,58.6,47,64,53,41,93,82,68,15,9.7,5,30.2,30.1,30.1,0,0.335650215,Mon,0,,,,,,,,,,,,,,,,,,,,
11/15/2022,15,80,67.5,62,68,63.6,60,97,87.9,64,13,4.7,0,30.1,30,30,0,0.48159738,Tue,0,,,,,,,,,,,,,,,,,,,,
11/16/2022,16,70,63.8,52,70,58,42,100,82.4,60,10,7.1,0,30.2,30.1,30,0,0.331230417,Wed,0,,,,,,,,,,,,,,,,,,,,
11/17/2022,17,57,50.4,46,40,34.9,28,77,57.4,34,14,6.9,0,30.3,30.2,30.2,0,0.571204879,Thu,0,,,,,,,,,,,,,,,,,,,,
11/18/2022,18,61,48,38,41,34.6,29,86,63.8,32,9,5.2,0,30.3,30.2,30.2,0,0.071556987,Fri,0,,,,,,,,,,,,,,,,,,,,
11/19/2022,19,62,51.9,43,46,40.4,36,83,66.1,41,12,5.8,0,30.3,30.3,30.2,0,0.412616403,Sat,1,,,,,,,,,,,,,,,,,,,,
11/20/2022,20,53,50.9,48,45,42,39,89,71.8,61,9,6.2,0,30.3,30.3,30.2,0.01,0.395842705,Sun,1,,,,,,,,,,,,,,,,,,,,
11/21/2022,21,69,57.2,46,58,50.9,39,87,79.7,68,15,9.5,5,30.3,30.3,30.2,0,0.904229153,Mon,0,,,,,,,,,,,,,,,,,,,,
11/22/2022,22,66,59.3,54,60,54.4,52,100,84,75,14,7.9,5,30.3,30.2,30.1,0,0.410390142,Tue,0,,,,,,,,,,,,,,,,,,,,
11/23/2022,23,71,63.5,58,62,56.4,52,93,78.5,63,13,8.3,3,30.1,30.1,30.1,0,0.862470871,Wed,0,,,,,,,,,,,,,,,,,,,,
11/24/2022,24,72,66,61,68,64.2,60,100,93.9,84,13,6.3,0,30.1,30.1,30,0,0.540405379,Thu,0,,,,,,,,,,,,,,,,,,,,
11/25/2022,25,79,68.1,64,69,65.7,63,100,92.8,72,10,4.3,0,30,30,29.9,0,0.966091328,Fri,0,,,,,,,,,,,,,,,,,,,,
11/26/2022,26,72,65.8,63,64,62.6,61,100,89.7,71,14,6,0,30.1,30,29.9,0,0.977636327,Sat,1,,,,,,,,,,,,,,,,,,,,
11/27/2022,27,83,70.7,59,72,66,55,100,86.2,60,21,8.7,0,29.9,29.9,29.8,0,0.358560863,Sun,1,,,,,,,,,,,,,,,,,,,,
11/28/2022,28,78,62.4,51,58,54.1,49,93,77,45,16,6.5,0,30.1,30,29.9,0,0.079028671,Mon,0,,,,,,,,,,,,,,,,,,,,
11/29/2022,29,76,63.3,50,60,55.6,49,97,78.3,52,13,3.9,0,30.2,30.1,30,0,0.141601813,Tue,0,,,,,,,,,,,,,,,,,,,,
11/30/2022,30,80,64.6,59,65,61.6,59,100,90.7,54,16,7,0,30.1,30.1,30,0,0.791212667,Wed,0,,,,,,,,,,,,,,,,,,,,
12/1/2022,1,67,56.3,45,60,47.1,37,97,72.8,49,18,10.3,0,30.4,30.3,30.2,0.19,0.328966489,Thu,0,,,,,,,,,,,,,,,,,,,,
12/2/2022,2,74,59.4,48,60,54.1,45,100,83.8,59,14,5.2,0,30.4,30.3,30.3,0,0.680182103,Fri,0,,,,,,,,,,,,,,,,,,,,
12/3/2022,3,80,64.1,51,63,56.7,50,100,80,47,8,1.6,0,30.4,30.3,30.2,0,0.096224635,Sat,1,,,,,,,,,,,,,,,,,,,,
12/4/2022,4,75,64.8,57,63,60.1,56,97,85.6,64,10,3.1,0,30.2,30.1,30.1,0,0.899163286,Sun,1,,,,,,,,,,,,,,,,,,,,
12/5/2022,5,75,63.5,56,61,59.1,55,100,86.7,62,9,1.9,0,30.1,30.1,30,0,0.138707011,Mon,0,,,,,,,,,,,,,,,,,,,,
12/6/2022,6,82,62.7,55,65,58.7,54,100,88.5,51,8,1.6,0,30.2,30.1,30.1,0,0.470080577,Tue,0,,,,,,,,,,,,,,,,,,,,
12/7/2022,7,82,64.3,55,63,58.6,55,100,84.8,44,6,1.3,0,30.3,30.2,30.2,0,0.083163653,Wed,0,,,,,,,,,,,,,,,,,,,,
12/8/2022,8,82,67.6,56,65,61,55,100,81.6,51,8,2.2,0,30.2,30.2,30.1,0,0.130945125,Thu,0,,,,,,,,,,,,,,,,,,,,
12/9/2022,9,80,66.8,56,64,60.8,55,100,83.3,50,12,3.4,0,30.1,30.1,30,0,0.473421549,Fri,0,,,,,,,,,,,,,,,,,,,,
12/10/2022,10,68,63.8,60,64,61.4,56,100,91.7,78,10,3.9,0,30.1,30.1,30.1,0,0.31828516,Sat,1,,,,,,,,,,,,,,,,,,,,
12/11/2022,11,64,58.7,52,58,56.1,51,100,91.4,78,7,4.3,0,30.1,30.1,30.1,0,0.772387824,Sun,1,,,,,,,,,,,,,,,,,,,,
12/12/2022,12,67,59.9,52,59,55.3,51,100,85.3,70,12,5.3,0,30.1,30.1,30,0,0.419510102,Mon,0,,,,,,,,,,,,,,,,,,,,
12/13/2022,13,67,60.6,53,58,54.1,51,97,79.7,66,20,10.6,0,30.1,30.1,30.1,0,0.012657761,Tue,0,,,,,,,,,,,,,,,,,,,,
12/14/2022,14,75,68.1,61,66,63.4,58,93,85.3,69,14,8.3,3,30.1,30,29.9,0,0.352896328,Wed,0,,,,,,,,,,,,,,,,,,,,
12/15/2022,15,77,68.4,51,70,63.1,45,94,83.5,68,17,11.6,5,29.9,29.8,29.8,0.01,0.453665741,Thu,0,,,,,,,,,,,,,,,,,,,,
12/16/2022,16,66,51.4,41,43,39.1,34,96,67.3,30,12,4.5,0,30.1,30,29.9,0.09,0.392714441,Fri,0,,,,,,,,,,,,,,,,,,,,
12/17/2022,17,65,50.3,35,51,40.4,32,93,74.1,31,7,1.5,0,30.1,30,29.9,0,0.686470479,Sat,1,,,,,,,,,,,,,,,,,,,,
12/18/2022,18,60,48.8,36,45,32.4,26,86,56.5,27,12,6.7,0,30.3,30.1,30,0,0.534068709,Sun,1,,,,,,,,,,,,,,,,,,,,
12/19/2022,19,64,50.5,35,52,42,29,88,73.4,56,20,7.9,0,30.3,30.3,30.2,0,0.047586601,Mon,0,,,,,,,,,,,,,,,,,,,,
12/20/2022,20,62,56.9,51,59,53.5,46,97,88.6,80,17,9.6,6,30.3,30.2,30.1,0,0.05680973,Tue,0,,,,,,,,,,,,,,,,,,,,
12/21/2022,21,55,52.1,49,51,50,47,97,92.7,86,16,11.3,7,30.2,30.1,30,0.09,0.41761963,Wed,0,,,,,,,,,,,,,,,,,,,,
12/22/2022,22,58,52.6,49,55,50.6,48,100,93,81,9,5.2,0,30,29.9,29.9,0.03,0.232595925,Thu,0,,,,,,,,,,,,,,,,,,,,
12/23/2022,23,62,52.9,31,61,40.2,7,100,67.3,25,22,11.9,3,30.2,30,29.8,0,0.741563007,Fri,0,,,,,,,,,,,,,,,,,,,,
12/24/2022,24,39,30.5,24,12,8.7,4,51,40.9,27,18,11.5,7,30.4,30.3,30.2,0,0.154178267,Sat,1,,,,,,,,,,,,,,,,,,,,
12/25/2022,25,47,33.1,20,23,15.2,10,81,51.4,22,15,6.6,0,30.3,30.3,30.2,0,0.153171489,Sun,1,,,,,,,,,,,,,,,,,,,,
12/26/2022,26,51,36,23,27,19.2,11,88,57.5,22,7,3,0,30.3,30.3,30.2,0,0.118888564,Mon,0,,,,,,,,,,,,,,,,,,,,
12/27/2022,27,57,39.8,27,29,24.1,17,89,60.6,23,10,2.9,0,30.3,30.3,30.2,0,0.436429555,Tue,0,,,,,,,,,,,,,,,,,,,,
12/28/2022,28,65,45.8,29,49,38.9,26,100,79.3,50,12,3.9,0,30.3,30.3,30.2,0,0.92390602,Wed,0,,,,,,,,,,,,,,,,,,,,
12/29/2022,29,70,53.6,40,58,50,39,100,89,58,15,4.5,0,30.3,30.3,30.2,0,0.707326984,Thu,0,,,,,,,,,,,,,,,,,,,,
12/30/2022,30,76,56.2,45,61,52.2,44,100,88.3,53,12,2.8,0,30.2,30.2,30.1,0,0.130540095,Fri,0,,,,,,,,,,,,,,,,,,,,
12/31/2022,31,75,65.9,55,68,63.1,55,100,91.2,76,14,6.2,0,30.1,30,30,0,0.536123704,Sat,1,,,,,,,,,,,,,,,,,,,,
1/1/2023,1,77,63.1,54,65,60.8,54,100,92.8,64,10,2.1,0,30.1,30.1,30,0,0.026591508,Sun,1,,,,,,,,,,,,,,,,,,,,
1/2/2023,2,76,59.7,54,63,58,54,100,94.9,62,10,2.1,0,30.2,30.2,30.1,0,0.237927248,Mon,0,,,,,,,,,,,,,,,,,,,,
1/3/2023,3,82,62.3,53,65,58.7,52,100,90.1,52,13,2.9,0,30.2,30.1,30,0,0.220434095,Tue,0,,,,,,,,,,,,,,,,,,,,
1/4/2023,4,78,68.5,63,68,65.1,62,97,89.3,68,39,11.3,0,30.1,30,30,0,0.886653314,Wed,0,,,,,,,,,,,,,,,,,,,,
1/5/2023,5,76,64.8,49,66,57.9,44,100,80.8,42,10,6,0,30.1,30.1,30,1.11,0.339913148,Thu,0,,,,,,,,,,,,,,,,,,,,
1/6/2023,6,65,51,39,42,37.4,30,93,65.2,27,12,4.4,0,30.3,30.2,30.1,0,0.744752655,Fri,0,,,,,,,,,,,,,,,,,,,,
1/7/2023,7,68,50.7,36,43,38.2,35,97,68.7,31,8,2.4,0,30.3,30.3,30.2,0,0.469024695,Sat,1,,,,,,,,,,,,,,,,,,,,
1/8/2023,8,73,56.4,39,55,47.8,37,96,76,47,12,3.1,0,30.3,30.2,30.1,0,0.46999296,Sun,1,,,,,,,,,,,,,,,,,,,,
1/9/2023,9,71,58.2,44,54,48,41,93,71.9,38,14,6.2,0,30.1,30.1,30,0,0.342159378,Mon,0,,,,,,,,,,,,,,,,,,,,
1/10/2023,10,67,50.2,40,49,41.3,38,97,75.7,36,10,2.6,0,30.1,30.1,30,0,0.810195915,Tue,0,,,,,,,,,,,,,,,,,,,,
1/11/2023,11,74,54.9,38,46,41.4,36,96,66,26,7,4.4,0,30.2,30.1,30.1,0,0.229730214,Wed,0,,,,,,,,,,,,,,,,,,,,
1/12/2023,12,79,64.3,52,53,45.5,42,80,54.3,30,15,9,0,30.1,30,29.9,0,0.459475092,Thu,0,,,,,,,,,,,,,,,,,,,,
1/13/2023,13,65,56.2,41,60,48,29,97,75.4,52,22,12.1,5,30,29.9,29.8,0.28,0.621783085,Fri,0,,,,,,,,,,,,,,,,,,,,
1/14/2023,14,50,41.6,35,31,28.6,27,82,61.9,41,20,11.5,3,30.1,30.1,30,0,0.682413109,Sat,1,,,,,,,,,,,,,,,,,,,,
1/15/2023,15,58,41.2,30,34,28.3,24,89,65.2,28,9,4.1,0,30.2,30.1,30.1,0,0.071451908,Sun,1,,,,,,,,,,,,,,,,,,,,
1/16/2023,16,66,46.1,29,40,33.2,28,100,67.6,28,7,1.7,0,30.2,30.1,30,0,0.709351343,Mon,0,,,,,,,,,,,,,,,,,,,,
1/17/2023,17,78,57.5,37,54,40.3,33,93,58.9,29,14,6.8,0,30,30,29.9,0,0.800729053,Tue,0,,,,,,,,,,,,,,,,,,,,
1/18/2023,18,78,64.8,55,60,56.6,53,93,76,52,10,4.2,0,30.1,30,30,0,0.055692017,Wed,0,,,,,,,,,,,,,,,,,,,,
1/19/2023,19,82,68.5,51,66,60.5,50,100,77.8,49,16,9.3,0,30.1,30,29.9,0,0.528824968,Thu,0,,,,,,,,,,,,,,,,,,,,
1/20/2023,20,75,60.6,47,65,47.3,32,100,69,21,14,6.7,0,30.1,30.1,30,0,0.518790995,Fri,0,,,,,,,,,,,,,,,,,,,,
1/21/2023,21,58,51.1,42,53,45.7,39,97,82.4,66,7,2.6,0,30.2,30.1,30,0,0.806068831,Sat,1,,,,,,,,,,,,,,,,,,,,
1/22/2023,22,79,64.3,55,66,59.4,53,100,85.2,62,25,9.6,0,30,29.9,29.7,0.23,0.943098711,Sun,1,,,,,,,,,,,,,,,,,,,,
1/23/2023,23,64,55.7,40,57,43.9,38,97,67.1,40,15,8.7,0,30.2,30.1,29.9,0.37,0.430655563,Mon,0,,,,,,,,,,,,,,,,,,,,
1/24/2023,24,66,50.8,38,50,44.1,35,93,79.5,52,13,5.1,0,30.3,30.2,30.1,0,0.506794512,Tue,0,,,,,,,,,,,,,,,,,,,,
1/25/2023,25,79,67.2,52,65,60.7,49,97,81,56,28,12.1,0,30.1,29.9,29.8,0,0.464904042,Wed,0,,,,,,,,,,,,,,,,,,,,
1/26/2023,26,61,52.1,38,57,41.7,35,89,69.9,41,17,9.3,3,30.2,30.1,29.9,0.08,0.426081114,Thu,0,,,,,,,,,,,,,,,,,,,,
1/27/2023,27,59,44.6,35,36,31.3,25,93,65.3,27,13,4.5,0,30.4,30.3,30.2,0,0.51750966,Fri,0,,,,,,,,,,,,,,,,,,,,
1/28/2023,28,60,47.3,31,43,36.4,28,92,68.3,45,15,5.5,0,30.4,30.4,30.3,0,0.505159435,Sat,1,,,,,,,,,,,,,,,,,,,,
1/29/2023,29,77,62.5,48,63,54.7,42,90,76.5,60,12,4.6,0,30.3,30.2,30.1,0,0.538064376,Sun,1,,,,,,,,,,,,,,,,,,,,
1/30/2023,30,86,69.3,60,65,63,60,100,83,48,14,4,0,30.2,30.1,30.1,0,0.952502456,Mon,0,,,,,,,,,,,,,,,,,,,,
1/31/2023,31,83,68,60,67,64.5,59,100,90,53,12,3.5,0,30.2,30.1,30.1,0,0.593173945,Tue,0,,,,,,,,,,,,,,,,,,,,
2/1/2023,1,79,65.7,58,64,61.7,57,100,88.3,56,13,4.6,0,30.2,30.1,30.1,0,0.865429768,Wed,0,,,,,,,,,,,,,,,,,,,,
2/2/2023,2,82,64.2,55,64,59.7,55,100,87.9,47,15,4.4,0,30.1,30.1,30,0,0.431337629,Thu,0,,,,,,,,,,,,,,,,,,,,
2/3/2023,3,70,57.7,43,66,53.6,40,100,86.9,58,17,9.3,0,30.3,30.1,29.9,0.05,0.539841592,Fri,0,,,,,,,,,,,,,,,,,,,,
2/4/2023,4,63,52.3,41,51,43.6,36,90,73.5,52,24,12.5,3,30.5,30.4,30.3,0.09,0.0617319,Sat,1,,,,,,,,,,,,,,,,,,,,
2/5/2023,5,73,58.7,49,58,53.9,48,97,85.4,48,12,5,0,30.3,30.2,30.1,0,0.526501704,Sun,1,,,,,,,,,,,,,,,,,,,,
2/6/2023,6,73,54.7,44,51,44.6,36,100,74.4,26,12,4.2,0,30.2,30.1,30.1,0,0.881842724,Mon,0,,,,,,,,,,,,,,,,,,,,
2/7/2023,7,76,56.3,39,56,47.6,38,97,76.8,41,16,4.2,0,30.3,30.3,30.2,0,0.241534008,Tue,0,,,,,,,,,,,,,,,,,,,,
2/8/2023,8,80,62.2,49,59,53.6,47,97,77,40,12,3,0,30.3,30.2,30.2,0,0.706380631,Wed,0,,,,,,,,,,,,,,,,,,,,
2/9/2023,9,82,70.4,60,65,59.8,56,93,71.9,44,13,6.2,0,30.2,30.1,30.1,0,0.83589666,Thu,0,,,,,,,,,,,,,,,,,,,,
2/10/2023,10,82,68.8,62,68,64.8,62,100,88,56,18,6,0,30.1,30.1,30,0.01,0.348998236,Fri,0,,,,,,,,,,,,,,,,,,,,
2/11/2023,11,70,66.6,61,67,64.2,57,97,91.9,78,26,9.6,0,30.1,29.9,29.8,0.56,0.559092719,Sat,1,,,,,,,,,,,,,,,,,,,,
2/12/2023,12,61,56.5,50,56,47,41,93,71.5,53,25,14.7,7,29.9,29.8,29.8,0.51,0.750190418,Sun,1,,,,,,,,,,,,,,,,,,,,
2/13/2023,13,71,53.4,41,42,38.4,32,93,62.5,24,16,7.3,0,30,30,29.9,0,0.310148323,Mon,0,,,,,,,,,,,,,,,,,,,,
2/14/2023,14,75,55.9,39,51,41.3,32,96,66.1,22,10,3.6,0,30.1,30.1,30,0,0.771040453,Tue,0,,,,,,,,,,,,,,,,,,,,
2/15/2023,15,81,65.3,48,62,55.8,47,97,74.3,43,15,6.8,0,30.2,30.1,30.1,0,0.53206455,Wed,0,,,,,,,,,,,,,,,,,,,,
2/16/2023,16,83,68.8,55,63,59.8,55,100,76.6,44,16,6.6,0,30.1,30.1,30,0,0.676276512,Thu,0,,,,,,,,,,,,,,,,,,,,
2/17/2023,17,85,67.3,53,66,60.9,43,94,81.7,48,24,12.3,5,30.2,30,29.9,0,0.815117108,Fri,0,,,,,,,,,,,,,,,,,,,,
2/18/2023,18,59,49.8,38,47,38.7,30,86,66.6,51,18,10.5,6,30.4,30.3,30.2,0.07,0.258398255,Sat,1,,,,,,,,,,,,,,,,,,,,
2/19/2023,19,79,60.5,44,57,51.8,43,97,76.3,42,10,4.5,0,30.3,30.2,30.1,0,0.250047654,Sun,1,,,,,,,,,,,,,,,,,,,,
2/20/2023,20,79,65.3,51,58,53.5,50,97,69.5,40,22,10.6,3,30.1,30,29.9,0,0.53148583,Mon,0,,,,,,,,,,,,,,,,,,,,
2/21/2023,21,83,71.1,63,63,61.6,59,93,73.6,49,21,12.4,7,30,29.9,29.9,0,0.819767001,Tue,0,,,,,,,,,,,,,,,,,,,,
2/22/2023,22,87,70.7,60,65,62.4,59,97,77.5,40,18,7.1,0,30.1,30.1,30,0,0.13078396,Wed,0,,,,,,,,,,,,,,,,,,,,
2/23/2023,23,88,73.5,58,67,61.7,57,97,69.8,42,16,7.6,0,30.2,30.1,30.1,0,0.504427794,Thu,0,,,,,,,,,,,,,,,,,,,,
2/24/2023,24,87,72.1,65,67,64.9,63,100,80.8,44,10,6.1,0,30.3,30.2,30.2,0,0.986835335,Fri,0,,,,,,,,,,,,,,,,,,,,
2/25/2023,25,84,70.3,61,66,62.6,58,97,79.2,41,15,4.2,0,30.3,30.2,30.1,0,0.588010256,Sat,1,,,,,,,,,,,,,,,,,,,,
2/26/2023,26,86,71.1,60,64,60.9,58,97,73,44,14,6.1,0,30.1,30,30,0,0.077796818,Sun,1,,,,,,,,,,,,,,,,,,,,
2/27/2023,27,84,70.3,59,65,59.4,56,97,71.6,40,23,12.2,3,30,29.9,29.8,0,0.505374097,Mon,0,,,,,,,,,,,,,,,,,,,,
2/28/2023,28,84,76.8,72,67,65.3,63,81,68.8,49,20,13.5,8,29.9,29.9,29.8,0,0.626006582,Tue,0,,,,,,,,,,,,,,,,,,,,
3/1/2023,1,83,73.9,67,67,64.3,62,97,73.7,49,13,7.2,0,30,30,29.9,0,0.089710719,Wed,0,,,,,,,,,,,,,,,,,,,,
3/2/2023,2,84,71.2,60,65,61.3,59,97,73.8,44,16,6.3,0,29.9,29.9,29.8,0,0.944198989,Thu,0,,,,,,,,,,,,,,,,,,,,
3/3/2023,3,88,74.1,59,66,61,56,93,66.6,36,24,12.5,0,29.8,29.8,29.7,0,0.245391695,Fri,0,,,,,,,,,,,,,,,,,,,,
3/4/2023,4,77,71.7,62,70,65.3,60,96,80.7,62,16,6.3,0,30,29.8,29.7,0,0.865532325,Sat,1,,,,,,,,,,,,,,,,,,,,
3/5/2023,5,81,67.3,56,62,59.1,54,100,78,40,16,6.6,0,30.1,30.1,30,0.26,0.00784744,Sun,1,,,,,,,,,,,,,,,,,,,,
3/6/2023,6,85,68.6,58,69,62.4,57,100,83.2,44,10,3,0,30.1,30.1,30,0,0.989462873,Mon,0,,,,,,,,,,,,,,,,,,,,
3/7/2023,7,87,72.6,61,68,63.2,59,100,75.9,41,15,8,0,30,30,29.9,0,0.656751927,Tue,0,,,,,,,,,,,,,,,,,,,,
3/8/2023,8,68,61.3,47,61,49.2,44,90,66.6,47,18,10.1,0,30.2,30.1,30,0,0.535763311,Wed,0,,,,,,,,,,,,,,,,,,,,
3/9/2023,9,73,59.8,44,57,50.4,42,93,73.3,48,13,5.2,0,30.2,30.1,30.1,0,0.562934334,Thu,0,,,,,,,,,,,,,,,,,,,,
3/10/2023,10,84,67.3,63,66,60.2,55,97,80.1,46,22,10.4,0,30.1,29.9,29.8,0,0.614006335,Fri,0,,,,,,,,,,,,,,,,,,,,
3/11/2023,11,76,61.6,50,60,48,35,97,68,23,9,5.3,0,29.9,29.9,29.8,0.51,0.466732428,Sat,1,,,,,,,,,,,,,,,,,,,,
3/12/2023,12,50,49.5,49,48,48,48,97,95,93,0,0,0,29.9,29.9,29.9,0,0.822288679,Sun,1,,,,,,,,,,,,,,,,,,,,
3/13/2023,13,70,64.3,56,65,59.9,46,97,86.2,55,13,6.8,0,30,29.8,29.8,1.42,0.178529715,Mon,0,,,,,,,,,,,,,,,,,,,,
3/14/2023,14,65,53.9,44,44,34.8,29,76,51.3,26,14,8.1,3,30.1,30.1,30,0.28,0.773466251,Tue,0,,,,,,,,,,,,,,,,,,,,
3/15/2023,15,60,47.1,41,38,34,31,89,61.9,39,12,6.8,0,30.2,30.2,30.1,0,0.824777802,Wed,0,,,,,,,,,,,,,,,,,,,,
3/16/2023,16,71,52.5,33,50,41.6,32,96,71.2,36,12,4.7,0,30.2,30.2,30.1,0,0.353988624,Thu,0,,,,,,,,,,,,,,,,,,,,
3/17/2023,17,81,67.6,51,57,53,49,93,63.2,36,20,10.5,0,30.1,30,29.8,0,0.285992098,Fri,0,,,,,,,,,,,,,,,,,,,,
3/18/2023,18,72,61.4,47,64,55.9,44,97,82.8,61,14,9.8,3,30,29.9,29.8,0,0.393452067,Sat,1,,,,,,,,,,,,,,,,,,,,
3/19/2023,19,62,52.8,44,45,36.6,29,93,58.3,31,13,7,3,30.2,30.1,30.1,0.38,0.465994528,Sun,1,,,,,,,,,,,,,,,,,,,,
3/20/2023,20,61,48.8,37,37,29.8,24,82,51.4,26,14,6.3,0,30.3,30.2,30.2,0,0.944525302,Mon,0,,,,,,,,,,,,,,,,,,,,
3/21/2023,21,68,56,39,57,48.1,36,94,76,56,22,10.3,0,30.3,30.3,30.2,0,0.671921774,Tue,0,,,,,,,,,,,,,,,,,,,,
3/22/2023,22,79,67.5,60,65,61.3,59,100,82.7,50,13,5.3,0,30.3,30.3,30.2,0.04,0.44916725,Wed,0,,,,,,,,,,,,,,,,,,,,
3/23/2023,23,84,69.9,55,61,57.5,54,100,68.7,37,13,6.2,0,30.3,30.2,30.1,0,0.467943731,Thu,0,,,,,,,,,,,,,,,,,,,,
3/24/2023,24,86,72.5,62,64,61.3,59,93,70.6,41,13,6.9,0,30.1,30,29.9,0,0.713576221,Fri,0,,,,,,,,,,,,,,,,,,,,
3/25/2023,25,89,74.5,63,69,65.7,60,93,75.8,48,18,9.7,0,30,29.9,29.9,0,0.870772168,Sat,1,,,,,,,,,,,,,,,,,,,,
3/26/2023,26,89,76.5,67,69,66.6,63,97,74.4,42,16,8.1,0,30,30,29.9,0,0.997857646,Sun,1,,,,,,,,,,,,,,,,,,,,
3/27/2023,27,88,73.7,67,68,65.9,63,100,79.5,43,15,8.1,0,30.1,30,29.9,0,0.204393382,Mon,0,,,,,,,,,,,,,,,,,,,,
3/28/2023,28,85,71.7,64,69,66,62,96,83.4,55,16,5.2,0,30.1,30,29.9,0,0.672847439,Tue,0,,,,,,,,,,,,,,,,,,,,
3/29/2023,29,68,62.9,54,63,54.6,48,97,75.8,52,18,9.8,3,30.2,30.1,30,0.15,0.469366684,Wed,0,,,,,,,,,,,,,,,,,,,,
3/30/2023,30,72,60.2,46,55,50.8,44,97,74.2,48,15,6.6,0,30.3,30.2,30.1,0,0.595227261,Thu,0,,,,,,,,,,,,,,,,,,,,
3/31/2023,31,83,68.3,52,63,57.1,51,97,71.2,41,21,8.2,0,30.3,30.2,30.1,0,0.547886037,Fri,0,,,,,,,,,,,,,,,,,,,,
4/1/2023,1,88,75.8,65,67,63.2,61,90,66.8,43,20,12.5,5,30.1,30,29.9,0,0.426844568,Sat,1,,,,,,,,,,,,,,,,,,,,
4/2/2023,2,83,72,60,68,56,42,100,63.9,24,16,6.8,0,30.1,30,29.9,0,0.996504157,Sun,1,,,,,,,,,,,,,,,,,,,,
4/3/2023,3,84,70.1,55,70,59,48,90,69.6,39,13,4.3,0,30,30,29.9,0,0.93985331,Mon,0,,,,,,,,,,,,,,,,,,,,
4/4/2023,4,85,69.6,60,67,64.1,58,97,84.2,49,10,3,0,30.1,30,29.9,0,0.550891762,Tue,0,,,,,,,,,,,,,,,,,,,,
4/5/2023,5,88,72.6,62,72,67,62,100,85,46,16,5.1,0,30.2,30.1,30.1,0,0.256538174,Wed,0,,,,,,,,,,,,,,,,,,,,
4/6/2023,6,87,76.4,70,69,67.2,64,93,74.9,49,14,8,0,30.2,30.1,30.1,0,0.866367113,Thu,0,,,,,,,,,,,,,,,,,,,,
4/7/2023,7,88,74.3,65,69,66.5,63,100,78.5,48,15,5.8,0,30.2,30.1,30,0,0.748778199,Fri,0,,,,,,,,,,,,,,,,,,,,
4/8/2023,8,80,71,62,69,66.4,59,96,85.8,66,18,10.8,3,30.1,30,30,0,0.673516227,Sat,1,,,,,,,,,,,,,,,,,,,,
4/9/2023,9,61,56.3,50,58,54.1,49,97,92.5,78,20,12.7,7,30.2,30.1,30,0.44,0.303762553,Sun,1,,,,,,,,,,,,,,,,,,,,
4/10/2023,10,64,62.1,60,58,55.6,53,90,79.5,70,24,17.1,10,30.2,30.2,30.1,0.05,0.74797738,Mon,0,,,,,,,,,,,,,,,,,,,,
4/11/2023,11,68,63.9,61,63,59.5,56,90,85.7,75,23,14,3,30.2,30.2,30.2,0.13,0.393611207,Tue,0,,,,,,,,,,,,,,,,,,,,
4/12/2023,12,77,68.2,60,63,57.8,54,97,71.8,46,20,10.7,3,30.2,30.1,30,0.13,0.317199193,Wed,0,,,,,,,,,,,,,,,,,,,,
4/13/2023,13,84,72.9,68,71,67.3,60,94,83.1,56,21,9.6,0,30,29.9,29.8,0.19,0.622711634,Thu,0,,,,,,,,,,,,,,,,,,,,
4/14/2023,14,88,71.7,63,68,61.8,54,100,76,34,16,5.7,0,29.9,29.9,29.8,0.74,0.346355166,Fri,0,,,,,,,,,,,,,,,,,,,,
4/15/2023,15,87,72.2,56,68,59.5,54,93,67.5,39,14,5.7,0,30,30,29.9,0,0.83021188,Sat,1,,,,,,,,,,,,,,,,,,,,
4/16/2023,16,86,75,65,66,63.3,61,93,68.6,43,26,9.3,0,30,29.9,29.8,0.01,0.545378411,Sun,1,,,,,,,,,,,,,,,,,,,,
4/17/2023,17,77,67.9,52,68,48.9,39,94,55.4,25,14,7.9,0,30,29.9,29.8,0.1,0.848495675,Mon,0,,,,,,,,,,,,,,,,,,,,
4/18/2023,18,77,60.9,44,50,42.5,33,90,58.3,21,12,3.6,0,30,30,29.9,0,0.742722558,Tue,0,,,,,,,,,,,,,,,,,,,,
4/19/2023,19,83,65.5,49,56,49.1,43,93,62.1,24,13,4,0,30.1,30.1,30,0,0.098669162,Wed,0,,,,,,,,,,,,,,,,,,,,
4/20/2023,20,83,69,53,63,56.3,51,93,68.4,35,17,6.7,0,30.2,30.1,30.1,0,0.042023712,Thu,0,,,,,,,,,,,,,,,,,,,,
4/21/2023,21,81,69.2,54,67,60.6,53,97,76.5,49,16,6.2,0,30.1,30,29.9,0,0.046947661,Fri,0,,,,,,,,,,,,,,,,,,,,
4/22/2023,22,86,74.7,67,67,63.7,53,93,71.5,43,9,5.8,0,29.9,29.8,29.7,0,0.289709935,Sat,1,,,,,,,,,,,,,,,,,,,,
4/23/2023,23,78,67.3,54,54,48.9,43,87,53.8,31,17,8,0,30,29.9,29.9,0,0.3862545,Sun,1,,,,,,,,,,,,,,,,,,,,
4/24/2023,24,74,66.1,57,64,59.1,54,93,79.5,55,14,5.2,0,30,30,29.9,0,0.487215153,Mon,0,,,,,,,,,,,,,,,,,,,,
4/25/2023,25,79,69.8,62,65,62.3,60,97,78.4,56,16,8.5,0,30,30,29.9,0,0.325541373,Tue,0,,,,,,,,,,,,,,,,,,,,
4/26/2023,26,82,72.7,62,67,64.3,61,97,76.4,56,17,7.8,0,30,29.9,29.9,0,0.701909879,Wed,0,,,,,,,,,,,,,,,,,,,,
4/27/2023,27,81,72.5,64,71,66.8,62,96,83.1,64,29,10.8,0,30,29.9,29.7,0,0.977178044,Thu,0,,,,,,,,,,,,,,,,,,,,
4/28/2023,28,87,73,62,69,66.1,61,100,80.9,51,15,6.6,0,29.9,29.8,29.8,0.39,0.056416824,Fri,0,,,,,,,,,,,,,,,,,,,,
4/29/2023,29,87,75.2,69,71,68,64,93,79.8,46,18,7.8,0,29.8,29.8,29.6,0,0.371921589,Sat,1,,,,,,,,,,,,,,,,,,,,
4/30/2023,30,78,71.2,67,68,61.2,54,93,72.8,45,28,15.9,6,29.7,29.6,29.5,0.51,0.345014124,Sun,1,,,,,,,,,,,,,,,,,,,,
5/1/2023,1,84,72,54,60,55.7,48,97,60.3,37,25,13.8,3,29.8,29.7,29.7,0,0.152962883,Mon,0,,,,,,,,,,,,,,,,,,,,
5/2/2023,2,84,71.3,60,59,49.4,40,93,51.7,24,20,11.9,5,29.9,29.8,29.7,0,0.16629643,Tue,0,,,,,,,,,,,,,,,,,,,,
5/3/2023,3,82,68.5,56,52,44.2,37,81,47,21,22,10.3,0,29.9,29.8,29.7,0,0.366926758,Wed,0,,,,,,,,,,,,,,,,,,,,
5/4/2023,4,84,67.2,49,52,46.6,39,93,53.8,24,10,3.4,0,30,29.9,29.9,0,0.978725744,Thu,0,,,,,,,,,,,,,,,,,,,,
5/5/2023,5,82,69,54,63,55.5,47,90,65.7,30,13,5.1,0,30.1,30.1,30,0,0.564109949,Fri,0,,,,,,,,,,,,,,,,,,,,
5/6/2023,6,73,69.1,62,67,64.1,61,96,84.2,71,15,8.3,0,30.2,30.1,30.1,0,0.546731107,Sat,1,,,,,,,,,,,,,,,,,,,,
5/7/2023,7,83,71.5,59,64,59.7,57,96,69.1,44,16,6.7,0,30.2,30.1,30.1,0.06,0.820585323,Sun,1,,,,,,,,,,,,,,,,,,,,
5/8/2023,8,90,75.5,62,65,60.6,58,90,62.7,35,12,5,0,30.1,30,30,0,0.218935041,Mon,0,,,,,,,,,,,,,,,,,,,,
5/9/2023,9,88,77.2,68,69,66.2,63,87,70.5,46,10,5.2,0,30,30,29.9,0,0.100955703,Tue,0,,,,,,,,,,,,,,,,,,,,
5/10/2023,10,89,76.1,68,71,68.5,64,96,78.9,52,21,8.2,0,30.1,30,29.9,0,0.156299048,Wed,0,,,,,,,,,,,,,,,,,,,,
5/11/2023,11,86,77.4,72,72,69.8,68,93,78.5,57,16,8.3,0,30.1,30.1,30,0,0.069192771,Thu,0,,,,,,,,,,,,,,,,,,,,
5/12/2023,12,86,75,68,73,68.5,65,96,81.3,58,20,5.8,0,30.1,30.1,30,0,0.163415322,Fri,0,,,,,,,,,,,,,,,,,,,,
5/13/2023,13,86,72.6,65,70,66.9,64,100,83.6,53,12,4.8,0,30.1,30.1,30,0.16,0.734381728,Sat,1,,,,,,,,,,,,,,,,,,,,
5/14/2023,14,88,77.3,67,68,66,64,93,70.3,45,13,4.4,0,30.1,30.1,30,0,0.22705279,Sun,1,,,,,,,,,,,,,,,,,,,,
5/15/2023,15,85,76,70,69,67,65,91,74.7,53,14,5.9,0,30.1,30.1,30.1,0,0.114288397,Mon,0,,,,,,,,,,,,,,,,,,,,
5/16/2023,16,89,75.3,67,71,67.8,64,100,80.2,46,14,3.3,0,30.1,30,29.8,0,0.634870107,Tue,0,,,,,,,,,,,,,,,,,,,,
5/17/2023,17,89,76.8,70,71,68.8,66,96,77.8,46,24,9.2,0,29.9,29.8,29.7,0,0.192633674,Wed,0,,,,,,,,,,,,,,,,,,,,
5/18/2023,18,87,73.5,65,72,67.5,63,96,82.2,55,23,4,0,30,29.9,29.8,0.11,0.753031271,Thu,0,,,,,,,,,,,,,,,,,,,,
5/19/2023,19,84,74.6,69,71,68.9,67,97,83.2,60,14,6.1,0,30,30,29.9,0.76,0.099326236,Fri,0,,,,,,,,,,,,,,,,,,,,
5/20/2023,20,86,75.8,67,70,67.8,65,97,77.3,56,12,4.4,0,30,30,29.9,0,0.312396299,Sat,1,,,,,,,,,,,,,,,,,,,,
5/21/2023,21,90,76.3,67,74,70.4,65,97,83.2,48,24,6.8,0,30,29.9,29.8,0,0.508142052,Sun,1,,,,,,,,,,,,,,,,,,,,
5/22/2023,22,81,74.9,71,73,71,68,94,87.7,72,17,8.4,0,29.9,29.9,29.9,1.01,0.088969589,Mon,0,,,,,,,,,,,,,,,,,,,,
5/23/2023,23,82,74.2,70,72,69.6,67,94,85.9,62,18,10,0,29.9,29.9,29.9,1.04,0.075119449,Tue,0,,,,,,,,,,,,,,,,,,,,
5/24/2023,24,79,73,68,70,66,56,93,80.1,48,21,10,0,29.9,29.9,29.8,0.81,0.205382777,Wed,0,,,,,,,,,,,,,,,,,,,,
5/25/2023,25,81,72.7,64,68,63.2,58,93,73.8,45,18,10,0,29.8,29.8,29.8,0,0.720382695,Thu,0,,,,,,,,,,,,,,,,,,,,
5/26/2023,26,75,71,66,68,62.2,54,90,74.4,60,21,14.2,10,29.9,29.9,29.8,0.02,0.148804608,Fri,0,,,,,,,,,,,,,,,,,,,,
5/27/2023,27,74,65.5,62,58,55.2,53,78,69.3,55,18,11.8,6,30,29.9,29.8,0,0.253310327,Sat,1,,,,,,,,,,,,,,,,,,,,
5/28/2023,28,79,66.9,60,61,57.7,54,93,73.5,52,12,6.3,0,30,29.9,29.9,0,0.232015621,Sun,1,,,,,,,,,,,,,,,,,,,,
5/29/2023,29,87,74.1,60,66,60.7,58,97,67,37,10,5.5,0,29.9,29.9,29.8,0,0.607117086,Mon,0,,,,,,,,,,,,,,,,,,,,
5/30/2023,30,85,75.5,68,70,66.3,61,93,74,53,13,5.5,0,29.9,29.9,29.8,0,0.692306597,Tue,0,,,,,,,,,,,,,,,,,,,,
5/31/2023,31,85,76.1,70,71,67.6,62,93,75.7,60,22,11.2,0,30,29.9,29.9,0,0.034560193,Wed,0,,,,,,,,,,,,,,,,,,,,
6/1/2023,1,80,74.9,68,70,68.1,64,91,79.8,64,17,10.6,0,29.9,29.9,29.9,1.06,0.691721963,Thu,0,,,,,,,,,,,,,,,,,,,,
6/2/2023,2,83,73.8,66,69,65.5,63,93,77,51,17,9,0,29.9,29.8,29.8,0,0.398621474,Fri,0,,,,,,,,,,,,,,,,,,,,
6/3/2023,3,84,74.6,66,71,67.7,65,100,80.2,58,16,8.1,0,29.8,29.7,29.7,0,0.015336984,Sat,1,,,,,,,,,,,,,,,,,,,,
6/4/2023,4,81,73.9,71,72,68.7,65,96,84,66,23,11.1,0,29.8,29.8,29.7,0,0.072856355,Sun,1,,,,,,,,,,,,,,,,,,,,
6/5/2023,5,81,74.8,68,66,63.9,60,84,69.7,50,16,10.6,0,29.9,29.9,29.8,0.06,0.321689978,Mon,0,,,,,,,,,,,,,,,,,,,,
6/6/2023,6,90,76.8,63,67,63.9,60,93,67,39,15,5.5,0,29.9,29.9,29.8,0,0.821373236,Tue,0,,,,,,,,,,,,,,,,,,,,
6/7/2023,7,91,79,71,70,67.8,65,90,70.3,42,20,7.4,0,29.9,29.8,29.7,0.05,0.033840624,Wed,0,,,,,,,,,,,,,,,,,,,,
6/8/2023,8,93,80.7,71,70,66.9,65,90,65.3,39,14,8.3,0,29.8,29.7,29.6,0,0.363624862,Thu,0,,,,,,,,,,,,,,,,,,,,
6/9/2023,9,91,77.3,71,73,70.6,67,97,81.3,45,18,8.9,0,29.8,29.8,29.7,0,0.18856007,Fri,0,,,,,,,,,,,,,,,,,,,,
6/10/2023,10,87,76,68,73,70,66,96,82.7,55,16,5.6,0,29.9,29.9,29.8,0.47,0.866476034,Sat,1,,,,,,,,,,,,,,,,,,,,
6/11/2023,11,92,76.7,69,74,69.9,67,100,81.7,45,22,5.6,0,29.9,29.9,29.8,0.48,0.824491698,Sun,1,,,,,,,,,,,,,,,,,,,,
6/12/2023,12,91,80.2,71,73,70.6,68,96,74.1,50,18,10.2,3,29.9,29.8,29.8,1.22,0.341278011,Mon,0,,,,,,,,,,,,,,,,,,,,
6/13/2023,13,96,80.8,72,75,70.8,64,94,73.9,43,22,10.3,0,29.9,29.9,29.8,0,0.011022193,Tue,0,,,,,,,,,,,,,,,,,,,,
6/14/2023,14,89,77,69,76,70.7,66,96,81.9,58,41,7.9,0,29.9,29.9,29.8,0.21,0.803964714,Wed,0,,,,,,,,,,,,,,,,,,,,
6/15/2023,15,85,70.6,67,72,66.8,65,97,88.1,63,23,9.1,0,30,29.9,29.8,0.19,0.290344481,Thu,0,,,,,,,,,,,,,,,,,,,,
6/16/2023,16,89,79.4,70,74,70.2,66,93,74.5,57,21,10.7,6,29.9,29.8,29.8,1.33,0.284238349,Fri,0,,,,,,,,,,,,,,,,,,,,
6/17/2023,17,90,78.5,71,73,69.6,65,94,75,50,16,7.1,0,29.9,29.9,29.8,0.16,0.885468132,Sat,1,,,,,,,,,,,,,,,,,,,,
6/18/2023,18,91,80.3,71,74,71.2,68,93,75.1,50,9,4.8,0,29.9,29.8,29.8,0.35,0.491524294,Sun,1,,,,,,,,,,,,,,,,,,,,
6/19/2023,19,90,80.8,74,74,71.3,66,94,74.2,52,14,5.5,0,29.9,29.9,29.8,0,0.877884428,Mon,0,,,,,,,,,,,,,,,,,,,,
6/20/2023,20,87,77.3,72,73,71,68,93,81.7,59,17,8.5,3,29.9,29.8,29.7,0.12,0.49064037,Tue,0,,,,,,,,,,,,,,,,,,,,
6/21/2023,21,86,76.7,73,74,70.7,67,94,82,63,21,10.1,0,29.9,29.8,29.8,0.38,0.843353159,Wed,0,,,,,,,,,,,,,,,,,,,,
6/22/2023,22,83,75.3,70,73,69.3,67,93,81.9,65,22,9.9,5,29.9,29.9,29.8,0.18,0.394904175,Thu,0,,,,,,,,,,,,,,,,,,,,
6/23/2023,23,88,77.8,72,76,71.2,65,93,80.7,61,16,10,3,30,29.9,29.9,0.22,0.926212697,Fri,0,,,,,,,,,,,,,,,,,,,,
6/24/2023,24,86,78.3,72,76,72.4,70,93,82.3,65,20,6.9,0,30,29.9,29.9,0.2,0.006386256,Sat,1,,,,,,,,,,,,,,,,,,,,
6/25/2023,25,95,82.4,72,73,68.2,61,97,65.9,32,10,5.8,0,29.9,29.9,29.9,0.31,0.866830236,Sun,1,,,,,,,,,,,,,,,,,,,,
6/26/2023,26,94,83.8,73,71,68.9,66,87,62.8,40,16,8.8,0,29.9,29.9,29.8,0,0.229589218,Mon,0,,,,,,,,,,,,,,,,,,,,
6/27/2023,27,98,84.2,75,77,73.5,70,94,72.6,44,21,9.6,0,29.9,29.8,29.8,0,0.526000691,Tue,0,,,,,,,,,,,,,,,,,,,,
6/28/2023,28,96,84.5,77,77,72.8,63,94,71.7,33,10,4.8,0,29.9,29.9,29.8,0.03,0.902616662,Wed,0,,,,,,,,,,,,,,,,,,,,
6/29/2023,29,93,82.5,72,74,70.4,65,93,69.4,41,14,4.5,0,30,29.9,29.9,0,0.542121158,Thu,0,,,,,,,,,,,,,,,,,,,,
6/30/2023,30,93,82,73,76,70,65,94,70,42,13,4.9,0,30,30,29.9,0,0.629173342,Fri,0,,,,,,,,,,,,,,,,,,,,
7/1/2023,1,92,82.5,73,74,70.9,69,91,69.9,48,13,4.5,0,30,30,29.9,0,0.395620204,Sat,1,,,,,,,,,,,,,,,,,,,,
7/2/2023,2,95,84.2,74,75,72.5,69,94,70,47,14,5,0,30,29.9,29.9,0,0.830108238,Sun,1,,,,,,,,,,,,,,,,,,,,
7/3/2023,3,97,84,76,75,72.1,70,85,68.6,43,15,5.5,0,30,30,29.9,0,0.089626836,Mon,0,,,,,,,,,,,,,,,,,,,,
7/4/2023,4,94,84.8,75,77,73.8,69,94,71.4,52,16,6,0,30,30,30,0,0.73265774,Tue,0,,,,,,,,,,,,,,,,,,,,
7/5/2023,5,98,85.1,77,76,74.2,72,88,71.3,43,14,6,0,30,30,29.9,0,0.963412188,Wed,0,,,,,,,,,,,,,,,,,,,,
7/6/2023,6,94,82.9,77,76,73.8,70,90,74.9,49,13,6.3,0,30,29.9,29.8,0,0.012822649,Thu,0,,,,,,,,,,,,,,,,,,,,
7/7/2023,7,91,78.5,73,77,73.1,71,94,84,59,32,10.7,0,29.9,29.9,29.8,0.26,0.574790099,Fri,0,,,,,,,,,,,,,,,,,,,,
7/8/2023,8,95,83.5,74,75,73.1,70,94,72.8,47,15,7.7,0,29.9,29.9,29.8,2.03,0.594697861,Sat,1,,,,,,,,,,,,,,,,,,,,
7/9/2023,9,91,82.3,77,77,74.1,71,90,76.8,57,21,9.5,5,29.9,29.9,29.9,0,0.097365569,Sun,1,,,,,,,,,,,,,,,,,,,,
7/10/2023,10,88,80.1,75,77,74.7,71,94,83.9,65,36,11.7,5,29.9,29.9,29.9,0.04,0.127025513,Mon,0,,,,,,,,,,,,,,,,,,,,
7/11/2023,11,89,81.6,77,78,75,73,94,80.8,63,10,5.8,0,30,30,29.9,0.23,0.334117647,Tue,0,,,,,,,,,,,,,,,,,,,,
7/12/2023,12,95,81.5,76,77,73.4,67,96,78.7,42,23,5.2,0,30,30,29.9,0,0.27017832,Wed,0,,,,,,,,,,,,,,,,,,,,
7/13/2023,13,95,83.4,76,75,73.7,72,94,74.3,49,15,4.9,0,30,29.9,29.9,0.02,0.037889091,Thu,0,,,,,,,,,,,,,,,,,,,,
7/14/2023,14,92,80.9,74,76,73.9,70,94,80.5,48,26,6.4,0,30,29.9,29.9,0,0.438924468,Fri,0,,,,,,,,,,,,,,,,,,,,
7/15/2023,15,92,83.7,77,76,74.5,73,90,75,55,21,9,0,30,29.9,29.9,0.14,0.192700871,Sat,1,,,,,,,,,,,,,,,,,,,,
7/16/2023,16,95,83.4,76,77,75.1,71,93,77,52,18,9.1,3,30,29.9,29.9,0,0.383908566,Sun,1,,,,,,,,,,,,,,,,,,,,
7/17/2023,17,93,81.3,76,79,75.7,73,94,83.9,59,26,5,0,30,29.9,29.9,0.08,0.836247679,Mon,0,,,,,,,,,,,,,,,,,,,,
7/18/2023,18,95,83.8,74,75,72.2,69,94,70.6,44,10,4.2,0,30.1,30,30,0.18,0.651371843,Tue,0,,,,,,,,,,,,,,,,,,,,
7/19/2023,19,97,85.4,75,79,74.4,71,94,71.6,43,13,4.8,0,30.1,30.1,30,0,0.520437056,Wed,0,,,,,,,,,,,,,,,,,,,,
7/20/2023,20,98,87.4,77,78,74.1,70,90,67.2,43,10,5.2,0,30.1,30,30,0,0.693979845,Thu,0,,,,,,,,,,,,,,,,,,,,
7/21/2023,21,98,87.9,77,77,74.3,73,88,65.8,46,13,8,0,30,29.9,29.8,0,0.245492868,Fri,0,,,,,,,,,,,,,,,,,,,,
7/22/2023,22,97,81.4,74,76,72.3,69,91,75.7,46,29,11.1,0,29.9,29.9,29.8,0,0.506530421,Sat,1,,,,,,,,,,,,,,,,,,,,
7/23/2023,23,90,78,73,77,73.1,71,94,85.3,63,25,5.8,0,30,30,29.9,0.07,0.989491506,Sun,1,,,,,,,,,,,,,,,,,,,,
7/24/2023,24,94,82.6,75,75,73.1,71,94,75,49,13,5.2,0,30.1,30,30,0.38,0.971754601,Mon,0,,,,,,,,,,,,,,,,,,,,
7/25/2023,25,93,79.5,74,77,73.3,69,97,82.6,50,14,3.4,0,30.1,30.1,30,0,0.352333476,Tue,0,,,,,,,,,,,,,,,,,,,,
7/26/2023,26,92,81.8,71,75,72.3,69,93,74.7,54,13,5.1,0,30.1,30.1,30,0.05,0.830255367,Wed,0,,,,,,,,,,,,,,,,,,,,
7/27/2023,27,92,82.7,75,77,74.4,73,94,77.1,55,15,5.8,0,30.1,30,30,0,0.412324575,Thu,0,,,,,,,,,,,,,,,,,,,,
7/28/2023,28,86,78.9,75,76,75.2,74,100,88.5,70,22,6.8,0,30.1,30,30,0.46,0.579743952,Fri,0,,,,,,,,,,,,,,,,,,,,
7/29/2023,29,93,81.5,75,75,73.7,71,94,78.4,54,16,5.6,0,30.1,30,30,0.69,0.05216536,Sat,1,,,,,,,,,,,,,,,,,,,,
7/30/2023,30,99,81.8,73,77,73,70,94,76.7,43,28,10,3,30.1,30,29.9,0,0.160641401,Sun,1,,,,,,,,,,,,,,,,,,,,
7/31/2023,31,91,78.2,73,76,72.8,71,94,84.3,59,17,3.1,0,30,29.9,29.9,1.18,0.19847542,Mon,0,,,,,,,,,,,,,,,,,,,,
